ID,Name,Age,Sex,Symbol,About
b555eff8,Kevin Scherrer,34,Other,☯︎,Est modi ipsum ut.
30ff3070,Jack Daniels,79,F,⚚,Etincidunt ipsum non est ut.
ce992d78,Daisy Smith,47,F,☀︎,Dolor magnam amet voluptatem numquam.
e9b7c30f,James Knox,84,M,☕︎,Quaerat consectetur numquam est dolor sit ipsum.
e22226b6,Marcella Arredondo,22,Other,☽,Neque labore etincidunt eius dolorem amet.
73136c52,Betty Mckee,50,Other,☭,Quiquia tempora magnam eius dolore aliquam amet.
8add148a,Pierre Harold,18,M,✂︎,Aliquam quiquia modi dolor dolore consectetur.
90aa2889,Ann Yeast,34,Other,☁︎,Quaerat modi est dolorem.
9cc9a9a3,Anthony David,29,M,♞,Neque etincidunt ut ipsum sit ut tempora.
53443353,Rebecca Sandoval,100,F,☮︎,Non dolore adipisci consectetur sed porro neque.
